Gene,RS0015,RS0083,RS0095,RS0109,RS0175,RS0237,RS0247,RS0255,RS0307,RS0332,RS0343,RS0384,RS0406,RS0451,RS0468,RS0548,RS0578,RS0584,RS0639,RS0707
Abi3,0,1,0,0,0,0,1,0,0,0,0,0,0,0,0,1,0,1,0,0
Acta2,0,0,1,0,0,0,0,0,0,1,0,0,1,0,0,0,1,0,0,0
Adora2a,0,0,0,0,0,0,0,0,1,1,0,0,0,1,0,0,0,1,0,0
Aif1,1,0,0,0,0,1,0,1,0,0,0,0,0,0,0,0,0,0,1,0
Aldoc,0,1,0,1,0,0,0,0,1,0,0,0,0,0,0,1,0,0,0,0
Anln,0,0,0,0,0,0,0,0,0,1,0,0,1,0,1,0,0,0,0,1
Ano2,0,0,0,1,0,0,0,1,0,1,0,1,0,0,0,0,0,0,0,0
Apln,0,0,0,1,0,0,0,0,0,0,1,1,1,0,0,0,0,0,0,0
Aqp4,0,0,0,1,0,0,0,0,0,0,1,0,0,0,1,0,0,0,0,1
B2m,0,0,1,0,1,0,0,0,0,0,1,0,0,1,0,0,0,0,0,0
Bcl11b,1,0,0,0,1,0,0,0,0,0,0,0,0,0,0,1,0,1,0,0
Bgn,0,0,1,0,0,1,0,0,0,1,0,0,0,1,0,0,0,0,0,0
Bmp4,0,1,1,0,0,0,0,0,0,0,0,0,1,0,0,0,0,0,1,0
Bnc2,1,0,0,0,0,0,0,0,1,0,0,0,0,0,0,0,1,1,0,0
C1qa,1,0,0,1,0,1,0,0,0,0,1,0,0,0,0,0,0,0,0,0
C1qc,0,0,1,0,0,0,1,0,0,0,0,0,0,1,0,0,0,1,0,0
C1ql1,0,0,1,1,1,0,0,0,0,0,0,0,0,0,0,1,0,0,0,0
C3,1,0,1,0,0,0,0,0,0,0,0,0,0,0,0,0,0,1,0,1
C4b,0,1,0,0,0,0,1,0,0,0,0,0,0,1,1,0,0,0,0,0
Calb1,1,0,0,1,0,0,1,1,0,0,0,0,0,0,0,0,0,0,0,0
Calb2,0,0,1,0,0,0,0,1,0,0,0,0,0,0,0,0,0,1,1,0
Car3,1,0,0,0,0,0,0,0,0,1,0,0,0,1,0,0,0,0,0,1
Ccl2,1,0,0,0,0,1,0,0,0,0,0,0,0,0,0,0,1,0,0,1
Ccn2,0,1,0,0,0,1,0,0,0,1,1,0,0,0,0,0,0,0,0,0
Ccr2,0,0,0,0,0,0,1,1,1,0,0,0,0,0,0,1,0,0,0,0
Cd14,0,0,1,1,0,0,0,0,0,0,0,0,0,0,0,0,1,0,0,1
Cd19,0,1,0,0,0,0,0,0,0,0,0,1,0,0,1,0,0,0,0,1
Cd1d1,0,1,0,0,0,0,0,1,0,0,0,1,0,1,0,0,0,0,0,0
Cd24a,0,0,0,0,0,0,1,0,1,0,0,0,0,1,0,0,1,0,0,0
Cd300c2,0,0,1,0,0,1,1,0,1,0,0,0,0,0,0,0,0,0,0,0
Cd3e,0,0,0,0,0,0,0,0,1,0,0,1,1,0,0,0,0,1,0,0
Cd47,1,0,0,0,0,0,0,0,0,1,0,1,0,0,1,0,0,0,0,0
Cdkn2a,1,0,0,0,1,0,0,0,0,0,0,0,0,0,1,0,1,0,0,0
Cdkn2b,0,0,0,1,0,0,1,0,1,0,0,0,0,0,1,0,0,0,0,0
Cgnl1,0,0,0,0,0,0,0,0,0,0,1,1,0,0,0,0,0,1,0,1
Chat,0,0,0,0,0,0,0,1,0,0,1,0,0,1,0,0,0,1,0,0
Chodl,0,0,0,0,0,0,0,0,0,1,1,0,0,0,0,1,0,1,0,0
Chrna2,0,1,0,0,0,0,0,0,0,0,1,0,1,0,0,0,0,0,0,1
Cldn5,0,0,0,1,1,0,1,0,0,0,0,0,0,0,0,0,0,0,0,1
Clec10a,0,0,0,1,1,1,0,0,1,0,0,0,0,0,0,0,0,0,0,0
Clic4,0,0,0,0,0,0,0,0,0,1,0,1,0,0,0,0,1,0,1,0
Cnr1,0,1,1,0,0,0,0,0,1,0,0,0,0,1,0,0,0,0,0,0
Cpa6,0,0,0,0,0,0,0,0,0,0,0,1,0,0,1,0,1,1,0,0
Cpne5,0,0,0,0,0,0,0,0,0,0,1,0,0,1,1,0,0,0,1,0
Cpne7,0,1,0,0,0,0,0,0,0,1,0,0,0,0,0,0,1,1,0,0
Cpne9,1,0,0,0,0,0,0,1,0,0,0,0,0,0,0,1,0,0,0,1
Cr2,1,0,0,0,0,0,1,0,1,0,0,0,0,0,0,0,0,0,0,1
Crh,1,0,0,1,0,0,0,0,0,0,0,0,0,0,0,0,0,1,1,0
Crhbp,1,0,1,0,0,0,1,0,0,0,0,0,0,0,0,0,0,0,1,0
Crhr2,1,0,0,0,0,0,1,0,0,0,0,1,0,0,0,0,1,0,0,0
Crispld2,0,0,0,1,0,0,0,0,1,1,1,0,0,0,0,0,0,0,0,0
Csf1r,0,0,1,0,0,0,0,0,1,0,0,0,0,0,1,0,1,0,0,0
Cspg4,0,0,1,0,0,0,0,0,1,0,0,1,0,0,0,0,0,0,1,0
Ctla4,0,0,0,0,1,0,0,0,0,1,0,0,0,0,1,0,0,1,0,0
Ctps,0,0,0,0,0,0,0,0,0,1,0,1,1,0,0,1,0,0,0,0
Ctss,0,0,0,0,1,0,0,0,0,0,0,0,0,1,1,1,0,0,0,0
Cux2,0,0,0,0,0,0,0,0,1,0,0,0,1,1,1,0,0,0,0,0
Cx3cr1,0,1,0,0,0,0,0,0,0,0,0,0,0,0,1,0,0,1,1,0
Cxcl10,0,1,0,0,0,0,0,1,0,1,0,0,0,0,0,0,0,0,1,0
Cxcl9,0,0,0,0,0,0,1,1,0,0,0,1,0,0,1,0,0,0,0,0
Cyp27a1,0,0,0,0,0,1,0,0,0,0,0,0,0,1,0,1,0,0,1,0
Deptor,0,0,0,0,1,0,0,0,0,0,0,1,0,0,0,0,0,1,1,0
Dio2,0,1,0,0,0,0,0,0,1,0,1,1,0,0,0,0,0,0,0,0
Drd1,1,0,1,0,0,0,0,0,1,0,1,0,0,0,0,0,0,0,0,0
Drd2,0,0,1,0,0,0,0,0,0,0,1,1,0,0,0,0,1,0,0,0
Egfr,0,0,0,0,1,0,1,0,0,0,0,0,0,0,0,1,0,0,1,0
Emid1,0,0,0,0,1,0,0,1,0,0,0,0,1,0,0,1,0,0,0,0
Enpp6,1,0,0,0,0,0,0,0,1,0,0,0,0,0,1,1,0,0,0,0
Eomes,1,0,0,0,0,0,0,0,0,1,0,0,1,0,0,0,0,1,0,0
Exph5,0,0,0,0,0,1,0,0,0,0,1,0,0,0,1,0,0,1,0,0
F13a1,0,0,0,0,0,0,0,1,0,1,0,0,0,0,0,0,0,1,0,1
Fam107a,0,0,0,0,0,0,1,1,0,0,0,0,1,0,0,0,0,1,0,0
Fcgr1,1,0,0,0,0,0,0,1,1,0,0,0,0,1,0,0,0,0,0,0
Fezf2,0,0,0,0,0,0,0,0,1,0,0,1,0,1,0,1,0,0,0,0
Flt1,0,1,0,0,0,1,0,0,1,0,0,0,0,0,0,0,0,0,1,0
Fn1,0,0,1,0,0,0,0,0,0,0,0,1,0,1,1,0,0,0,0,0
Foxj1,0,0,0,0,0,0,0,0,1,0,0,0,1,0,0,1,1,0,0,0
Foxp2,0,1,0,0,0,1,1,0,0,0,0,0,1,0,0,0,0,0,0,0
Foxp3,0,0,0,0,0,1,0,0,1,0,0,0,0,0,0,1,0,1,0,0
Gad1,0,0,0,0,0,0,0,0,0,0,0,0,0,1,1,0,1,0,0,1
Gad2,0,0,0,1,0,1,0,1,0,0,0,0,0,0,0,1,0,0,0,0
Gata3,0,0,0,0,0,0,0,0,0,1,1,0,0,1,0,0,1,0,0,0
Gbp10,0,0,0,0,0,1,1,0,0,1,0,0,0,0,1,0,0,0,0,0
Gbp6,0,0,0,0,1,0,0,0,0,1,1,0,0,0,0,0,0,0,0,1
Gdpd4,0,1,0,0,1,1,0,0,0,0,0,0,0,1,0,0,0,0,0,0
Gfap,0,1,0,0,0,0,1,1,0,0,1,0,0,0,0,0,0,0,0,0
Grin2c,0,1,1,0,0,0,0,1,0,0,0,0,0,0,0,1,0,0,0,0
Gsdmd,1,0,0,1,0,0,0,0,0,1,0,0,0,0,0,0,1,0,0,0
H2-Ab1,0,0,0,0,0,1,0,1,0,0,0,0,0,0,1,0,1,0,0,0
Hexb,0,0,0,0,0,0,0,1,0,1,1,0,1,0,0,0,0,0,0,0
Hpse,0,0,0,0,0,0,1,1,0,0,0,0,0,1,0,0,0,0,1,0
Htr4,0,0,0,0,0,0,0,1,1,0,0,1,0,0,0,0,0,0,0,1
Ifi44,0,0,0,1,0,0,0,0,0,0,0,0,1,0,0,1,0,1,0,0
Ifit3,0,0,0,0,0,1,0,1,0,0,0,0,1,1,0,0,0,0,0,0
Ifitm3,0,0,1,0,0,1,0,0,0,0,0,0,1,0,0,1,0,0,0,0
Ifna12,0,0,0,1,0,1,0,0,0,0,0,0,0,1,1,0,0,0,0,0
Ifna16,0,0,0,0,0,0,0,1,1,0,0,0,0,0,1,0,0,0,1,0
Ifna2,0,0,0,0,0,1,0,0,0,0,0,1,0,0,1,0,0,0,1,0
Ifng,0,0,0,1,0,0,0,0,0,0,0,0,1,0,1,0,1,0,0,0
Igf2,1,0,0,0,1,0,0,0,0,0,0,1,0,1,0,0,0,0,0,0
Il10,0,0,0,1,0,0,1,0,0,0,1,0,0,0,0,0,0,1,0,0
Il12a,1,1,0,0,0,0,0,0,0,0,1,0,0,0,0,0,0,1,0,0
Il13,0,1,0,0,0,0,0,0,0,0,1,0,0,0,1,0,1,0,0,0
Il15ra,0,0,1,0,1,0,0,0,0,0,0,1,0,0,0,0,0,0,0,1
Il17a,1,0,0,0,0,0,1,0,0,0,0,0,1,0,1,0,0,0,0,0
Il17f,0,1,0,1,0,0,0,0,0,1,0,0,1,0,0,0,0,0,0,0
Il18,0,0,0,0,1,0,0,1,1,0,1,0,0,0,0,0,0,0,0,0
Il1b,0,0,1,0,0,1,0,0,0,0,1,0,0,0,0,0,0,0,0,1
Il22,0,0,0,0,0,0,0,1,0,0,0,0,1,0,0,0,1,0,0,1
Il23a,0,0,0,0,1,1,0,0,0,0,0,0,1,0,0,0,0,0,1,0
Il2ra,0,0,0,1,0,0,0,0,1,0,0,0,0,0,0,0,1,0,1,0
Il2rb,0,0,0,1,1,0,0,1,0,0,0,0,0,0,0,0,1,0,0,0
Il2rg,0,0,1,0,0,0,0,0,0,0,1,0,1,0,0,0,0,1,0,0
Il33,0,0,0,0,0,0,0,0,1,1,0,0,0,0,0,1,0,0,1,0
Il4,0,0,0,1,0,0,0,0,0,1,0,0,0,0,1,1,0,0,0,0
Il5,0,0,0,0,0,1,1,0,0,0,0,0,0,0,0,0,0,1,0,1
Il6,0,0,0,1,0,0,0,0,0,0,0,1,0,1,0,0,1,0,0,0
Il7r,0,0,0,0,0,0,1,0,1,1,0,1,0,0,0,0,0,0,0,0
Irf3,0,0,1,0,0,0,0,0,0,0,0,0,1,1,0,0,0,0,0,1
Irf7,0,0,0,0,1,0,0,0,0,0,0,0,1,1,0,0,1,0,0,0
Itgae,1,0,0,0,0,0,0,0,0,0,0,0,1,0,0,0,0,0,1,1
Itgam,1,0,0,0,0,0,1,0,0,0,0,0,0,1,0,1,0,0,0,0
Itgax,0,1,0,0,0,0,0,0,0,0,0,0,1,1,0,0,0,1,0,0
Itgb2,0,1,1,0,1,0,0,0,0,0,0,0,0,0,0,0,1,0,0,0
Itpr2,0,0,0,0,0,0,1,0,0,0,1,0,0,0,0,0,1,0,0,1
Kcnip2,0,1,0,0,0,0,1,0,0,0,0,1,0,0,0,0,0,0,1,0
Kcnj8,0,0,0,1,0,0,1,0,0,1,0,0,0,1,0,0,0,0,0,0
Klrb1,0,0,0,0,0,0,0,0,0,0,0,0,0,0,1,1,0,1,0,1
Klrg1,0,0,0,0,0,0,0,0,1,0,1,0,0,0,0,0,0,1,1,0
Klrk1,1,0,0,0,0,1,0,0,0,0,0,0,0,1,0,0,0,1,0,0
Lama1,0,0,0,0,0,1,1,0,0,0,0,0,0,0,0,1,1,0,0,0
Lamp5,1,0,0,1,0,0,0,0,1,0,0,1,0,0,0,0,0,0,0,0
Lhx6,1,0,0,0,1,0,0,0,1,0,0,0,0,0,0,0,0,0,1,0
Lmo1,0,1,0,0,1,0,0,1,0,0,0,0,0,0,1,0,0,0,0,0
Lsp1,0,1,1,0,0,0,0,0,0,0,0,1,0,0,0,0,0,1,0,0
Mbp,0,0,0,0,1,1,0,1,0,0,0,0,0,0,0,0,0,1,0,0
Mfge8,0,0,1,0,1,0,0,0,0,0,0,0,1,0,1,0,0,0,0,0
Mrc1,0,1,0,0,0,0,0,0,0,0,0,1,1,0,0,0,1,0,0,0
Ms4a1,1,0,0,0,1,0,1,0,0,1,0,0,0,0,0,0,0,0,0,0
Myh11,0,0,0,0,1,0,0,0,0,0,0,0,0,0,0,0,1,0,1,1
Ndst4,0,0,0,0,0,1,0,0,0,0,1,0,1,0,0,0,1,0,0,0
Nfkb1,0,0,0,1,0,0,0,0,1,0,0,0,1,0,0,0,0,0,0,1
Nfkbia,0,0,0,0,0,0,0,1,0,0,0,0,0,1,0,1,1,0,0,0
Nlrp1b,0,1,0,0,0,0,0,1,1,0,0,0,0,0,0,0,0,1,0,0
Nlrp3,1,0,1,0,0,1,0,0,0,0,0,0,0,0,1,0,0,0,0,0
Npr3,0,0,1,0,0,1,0,1,0,0,0,1,0,0,0,0,0,0,0,0
Nr4a2,1,0,0,0,0,0,0,1,0,0,0,1,0,0,0,0,0,1,0,0
Nxph2,0,1,0,0,0,0,1,0,0,1,0,0,0,0,0,0,0,0,0,1
Nxph4,0,0,0,0,0,1,0,0,0,0,1,1,0,1,0,0,0,0,0,0
Opalin,0,0,0,0,0,0,1,0,0,0,0,0,0,0,1,0,0,0,1,1
Osr1,0,1,0,1,1,0,0,0,0,0,0,1,0,0,0,0,0,0,0,0
Otof,1,0,0,0,0,0,0,0,0,1,1,0,0,0,0,0,0,0,1,0
Parp14,0,0,0,0,1,0,0,0,0,1,0,0,0,1,0,0,0,0,1,0
Pdcd1,0,0,0,0,0,0,1,0,0,0,0,0,0,0,0,0,1,1,1,0
Pdgfra,0,1,0,0,0,0,0,0,0,1,0,0,0,1,0,1,0,0,0,0
Pitpnm3,0,1,0,0,1,0,0,0,0,0,1,0,0,0,0,1,0,0,0,0
Plekhg3,0,0,0,0,0,0,0,0,0,0,1,0,1,1,0,1,0,0,0,0
Plp1,1,1,1,1,0,0,0,0,0,0,0,0,0,0,0,0,0,0,0,0
Prdm1,0,0,0,0,0,1,1,0,0,0,1,0,0,0,0,0,0,0,1,0
Prox1,0,0,0,0,0,0,1,0,0,0,1,0,0,0,1,1,0,0,0,0
Ptges2,0,0,0,0,1,0,0,1,0,0,0,0,0,1,0,0,0,0,0,1
Ptprc,0,0,0,1,0,0,0,0,0,0,0,1,0,0,0,1,0,0,1,0
Ptpru,0,0,0,0,1,0,0,0,1,0,0,1,0,0,0,0,1,0,0,0
Pvalb,0,1,0,0,1,0,1,0,1,0,0,0,0,0,0,0,0,0,0,0
Rapgefl1,0,0,0,1,0,0,0,0,0,0,1,0,0,0,0,1,1,0,0,0
Rorb,1,0,0,0,0,0,0,0,0,0,0,0,0,1,0,0,1,0,1,0
Rorc,0,0,0,0,0,0,0,1,0,0,1,1,0,0,0,1,0,0,0,0
Rskr,0,1,0,0,0,1,0,0,0,0,0,1,0,0,0,1,0,0,0,0
Rspo1,0,0,0,1,1,0,0,0,0,0,0,0,0,0,1,0,0,0,1,0
Rxfp1,0,0,1,1,0,1,0,0,0,0,0,0,0,0,0,0,0,1,0,0
Satb2,0,0,1,0,0,0,1,1,0,0,0,0,0,0,0,0,1,0,0,0
Scube1,0,0,0,0,1,1,0,0,0,0,0,0,0,0,1,0,0,0,0,1
Selplg,0,0,0,1,0,1,0,0,0,0,0,1,0,0,0,0,0,0,0,1
Serpina3n,0,0,1,1,0,0,0,1,1,0,0,0,0,0,0,0,0,0,0,0
Serpinf1,0,1,0,0,0,0,0,0,1,1,0,0,0,0,1,0,0,0,0,0
Slc17a6,0,0,0,1,0,1,0,0,0,1,0,0,0,0,0,0,0,0,1,0
Slc17a7,0,0,0,0,0,0,1,0,0,1,0,0,1,0,0,0,0,0,1,0
Slc17a8,0,1,0,0,0,0,0,0,0,0,0,0,0,0,0,1,0,0,1,1
Slc30a3,0,1,0,1,0,0,0,0,0,0,0,0,0,0,0,0,0,1,0,1
Slc32a1,0,0,1,1,0,0,1,0,0,0,0,0,1,0,0,0,0,0,0,0
Slc6a20a,0,0,0,1,0,0,0,1,0,0,0,0,0,0,1,0,0,1,0,0
Smoc2,0,1,0,1,0,1,0,0,0,0,0,0,0,0,0,0,1,0,0,0
Sncg,0,0,0,0,0,1,0,0,1,1,0,0,1,0,0,0,0,0,0,0
Sox10,0,0,0,0,0,0,0,0,0,0,0,1,1,1,0,0,0,0,1,0
Sox6,0,0,0,0,0,1,0,0,0,1,0,1,0,0,0,0,0,1,0,0
Spi1,1,0,0,0,1,0,0,0,0,0,1,0,1,0,0,0,0,0,0,0
Sst,0,0,1,0,0,0,1,0,0,0,0,0,0,0,0,1,0,0,0,1
Sulf1,0,0,0,0,0,0,0,0,1,0,0,0,0,1,0,0,0,0,1,1
Sulf2,0,0,1,1,0,0,0,0,0,0,1,0,0,0,0,0,0,0,1,0
Syt6,0,0,0,0,0,0,0,0,1,1,0,0,0,0,0,0,1,0,0,1
Tap1,1,0,0,1,0,0,0,0,0,0,0,0,1,1,0,0,0,0,0,0
Tbr1,0,0,0,1,1,0,0,0,0,0,0,0,0,1,0,0,0,1,0,0
Tbx21,0,0,0,0,0,0,1,0,0,0,0,1,1,0,0,0,0,0,0,1
Tcap,1,0,1,0,0,0,0,0,0,0,0,1,0,0,0,1,0,0,0,0
Tgfb1,0,0,0,0,1,1,1,0,0,0,0,1,0,0,0,0,0,0,0,0
Tgfb2,0,0,0,0,0,0,0,1,0,1,0,0,0,1,1,0,0,0,0,0
Tgfb3,0,0,1,0,0,0,0,0,0,0,0,0,0,0,1,1,0,0,1,0
Th,0,0,0,0,1,0,0,0,0,0,1,0,0,0,0,0,1,1,0,0
Tmem132c,0,0,0,0,0,0,0,1,0,0,1,0,0,0,0,0,1,0,1,0
Tmem8,1,1,0,0,1,0,0,0,0,0,0,0,0,0,0,0,0,0,0,1
Tnf,1,1,0,0,0,0,0,1,0,0,0,0,0,0,0,0,1,0,0,0
Trabd2b,0,0,0,1,0,0,0,0,0,0,0,0,0,1,0,1,0,0,0,1
Trem2,0,1,0,0,0,1,0,1,0,0,0,0,0,0,0,0,0,0,0,1
Trim30a,1,0,0,0,0,1,0,0,0,1,0,0,0,0,0,1,0,0,0,0
Tshz2,1,0,0,0,0,0,0,1,0,0,1,0,0,0,1,0,0,0,0,0
Ttr,0,0,1,0,0,0,1,0,0,1,1,0,0,0,0,0,0,0,0,0
Ttyh2,0,0,0,0,0,0,0,0,0,0,0,1,0,0,0,1,1,0,0,1
Uaca,0,0,1,0,1,0,0,1,0,1,0,0,0,0,0,0,0,0,0,0
Vip,1,0,0,0,0,1,0,0,0,0,0,1,1,0,0,0,0,0,0,0
Vipr2,0,0,0,1,0,0,0,1,0,0,0,0,1,0,0,0,0,0,1,0
Vtn,1,1,0,0,0,0,0,0,0,0,0,0,1,0,0,1,0,0,0,0
Vwc2l,0,0,1,0,1,0,0,0,1,0,0,0,0,0,0,0,0,1,0,0
Blank-0,0,1,0,0,1,1,0,0,0,0,0,0,0,1,0,0,0,0,0,0
Blank-1,0,1,0,0,0,0,0,0,0,0,0,0,0,0,1,0,0,1,1,0
Blank-2,0,0,1,0,0,0,1,0,0,0,0,0,0,1,0,0,0,1,0,0
Blank-3,0,0,0,0,0,1,0,0,1,0,0,0,0,0,0,1,0,1,0,0
Blank-4,0,0,0,1,0,0,1,0,0,0,1,0,0,0,0,0,0,1,0,0
Blank-5,0,0,0,0,1,0,0,1,0,0,0,0,1,0,0,1,0,0,0,0
Blank-6,0,0,0,1,0,0,0,0,0,0,0,0,1,0,0,1,0,1,0,0
Blank-7,0,0,0,1,0,0,0,0,0,0,0,0,1,0,1,0,1,0,0,0
Blank-8,0,1,0,0,0,0,1,0,0,0,0,0,0,0,0,1,0,1,0,0
Blank-9,0,0,0,0,0,0,1,0,1,0,0,0,0,1,0,0,1,0,0,0
Blank-10,0,0,1,0,1,0,0,0,1,0,0,0,0,0,0,0,0,1,0,0